broker_id,url_type,name,slug,url,option_category_id
1,mobile,"MT4 Android",mt4-android,https://clicks.pipaffiliates.com/c?c=59515&l=en&p=17,3
1,mobile,"MT4 iOS (iPhone/iPad)",mt4-ios-iphoneipad,https://www.xm.com/iphone,3
1,mobile,"MT5 Andoid",mt5-andoid,https://www.xm.com/mt5-android,3
1,mobile,"MT5 iOS (iPhone/iPad)",mt5-ios-iphoneipad,https://www.xm.com/mt5-iphone,3
1,live_trading_account,"Open a Live Trading Account with XM",open-a-live-trading-account-with-xm,https://clicks.pipaffiliates.com/c?c=59515&amp;l=en&amp;p=1,1
1,partner_account,"Open a Partner (IB/ Affiliate) Account with XM",open-a-partner-ib-affiliate-account-with-xm,https://clicks.pipaffiliates.com/c?c=59516&amp;l=en&amp;p=101,1
2,live_trading_account,"Open a New Account",open-a-new-account,http://www.fxlider.com?A=880,1
3,mobile,"MT4/MT5 Android, MT4/MT5 iOS (iPhone/iPad)",mt4mt5-android-mt4mt5-ios-iphoneipad,https://one.exness.link/a/u13le36a?platform=mobile,3
3,live_trading_account,"Open a Live Trading Account with Exness",open-a-live-trading-account-with-exness,https://one.exness-track.com/boarding/sign-up/a/u13le36a,1
4,mobile,"MT4 Android, MT5 Android, FBS Trader Android, MT4 iOS, MT5 iOS, FBS Trader iOS",mt4-android-mt5-android-fbs-trader-android-mt4-ios-mt5-ios-fbs-trader-ios,none,3
4,live_trading_account,"Open a Cent Live Trading Account with FBS",open-a-cent-live-trading-account-with-fbs,https://fbs.partners?ibl=19072&amp;ibk=fxrebate,1
4,live_trading_account,"Open a Standard&nbsp;Live&nbsp;Trading Account with FBS",open-a-standardnbsplivenbsptrading-account-with-fbs,https://fbs.partners?ibl=19076&amp;ibk=fxrebate,1
4,live_trading_account,"Open a Pro Live Trading Account with FBS",open-a-pro-live-trading-account-with-fbs,https://fbs.partners?ibl=793348&amp;ibk=fxrebate,1
5,mobile,"MT4 Android, MT4 iOS (iPhone/iPad), MT4 Mobile (Windows PDA/Smartphone)",mt4-android-mt4-ios-iphoneipad-mt4-mobile-windows-pdasmartphone,none,3
5,live_trading_account,"Open a New Account",open-a-new-account,https://my.alpari.co.uk/en/openliveaccount/show/partner/2735/,1
6,mobile,"MT4 Android, MT4 iOS (iPhone/iPad)",mt4-android-mt4-ios-iphoneipad,none,3
6,live_trading_account,"Open a Live Trading Account with Axi",open-a-live-trading-account-with-axi,https://www.axitrader.com/au/live-account?promocode=436048,1
7,live_trading_account,"Open a New Account",open-a-new-account,http://affiliates.ytfxaffiliates.com/visit/?r=0.20612&amp;bta=20612,1
8,mobile,"MT4 Android, MT4 iOS (iPhone/iPad), MT4 Mobile (Windows PDA/Smartphone)",mt4-android-mt4-ios-iphoneipad-mt4-mobile-windows-pdasmartphone,none,3
8,live_trading_account,"Open a New Account",open-a-new-account,http://www.lqdmarkets.com/live?ib=2801815,1
9,live_trading_account,"Open a New Account",open-a-new-account,https://www.smarttradefx.com/open-live-account?a_aid=fxrebate,1
10,mobile,"MT4 Android, MT4 iOS, MT5 Android, MT5 iOS",mt4-android-mt4-ios-mt5-android-mt5-ios,none,3
10,live_trading_account,"Open a Live Trading Account with Tickmill UK",open-a-live-trading-account-with-tickmill-uk,https://secure.tickmill.co.uk?utm_campaign=ib_link&amp;utm_content=IBU59317371&amp;utm_medium=Live+Registration&amp;utm_source=link&amp;lp=https%3A%2F%2Fsecure.tickmill.co.uk%2Fusers%2Fregister%3Flang%3D2,1
10,live_trading_account,"Open a Live Trading Account with Tickmill Seychelles",open-a-live-trading-account-with-tickmill-seychelles,https://secure.tickmill.com?utm_campaign=OPEN+ACCOUNT&amp;utm_content=IB96571911&amp;utm_medium=ib&amp;utm_source=link&amp;utm_term=link&amp;lp=https%3A%2F%2Fsecure.tickmill.com%2Fusers%2Fregister,1
11,mobile,"MT4/AvaTradeGO Android, MT4/AvaTradeGO iOS (iPhone/iPad)",mt4avatradego-android-mt4avatradego-ios-iphoneipad,none,3
11,live_trading_account,"Open a Live Trading Account with AvaTrade",open-a-live-trading-account-with-avatrade,https://https://www.avatrade.com/trading-account/?tag=58799,1
12,mobile,"MT4 Android, MT4 iOS (iPhone/iPad)",mt4-android-mt4-ios-iphoneipad,none,3
12,live_trading_account,"Open a New ACFX Trading Account",open-a-new-acfx-trading-account,http://www.acfx.com/landing/?campaignid=1581&amp;utm_agent=DAtlas-2235&amp;utm_source=&amp;utm_medium=&amp;utm_campaign=DAtlas-2235&amp;utm_term=&amp;utm_content=&amp;utm_landingpageid=LND-0000000234,1
13,mobile,"MT4 Android, MT4 iOS, MT5 Android, MT5 iOS, HFM Android, HFM iOS",mt4-android-mt4-ios-mt5-android-mt5-ios-hfm-android-hfm-ios,none,3
13,live_trading_account,"Open a Live Trading Account with HF Markets",open-a-live-trading-account-with-hf-markets,https://register.hfm.com/sv/en/new-live-account/?refid=50200,1
13,partner_account,"Open a Partner (IB/ Affiliate) Account with HF Markets",open-a-partner-ib-affiliate-account-with-hf-markets,https://register.hfm.com/sv/en/new-partner-account/?refid=50200,1
14,mobile,"MT4 Android, MT4 iOS",mt4-android-mt4-ios,none,3
14,live_trading_account,"Open a New Account - Live Floating/ Fixed/ Zero Spread Account",open-a-new-account-live-floating-fixed-zero-spread-account,https://www.ironfx.com/en/register?accountType=Referral&amp;utm_source=115458&amp;utm_medium=ib_link&amp;utm_campaign=IB,1
14,live_trading_account,"Open a New Account - STP/ ECN No Commission/ Zero Spread Account",open-a-new-account-stp-ecn-no-commission-zero-spread-account,https://www.ironfx.com/ro/register?accountType=StpEcn&amp;utm_source=402902&amp;utm_medium=ib_link&amp;utm_campaign=IB,1
14,live_trading_account,"Open a New Account - VIP Variable Spread 1.3 - 1.6 pips on EUR/USD",open-a-new-account-vip-variable-spread-13-16-pips-on-eurusd,https://www.ironfx.com/ro/register?utm_source=16030307&amp;utm_medium=ib_link&amp;utm_campaign=IB,1
15,mobile,"MT4/MT5/ThinkTrader Android, MT4/MT5/ThinkTrader iOS (iPhone/iPad), MT4/MT5/ThinkTrader Mobile (Windows PDA/Smartphone)",mt4mt5thinktrader-android-mt4mt5thinktrader-ios-iphoneipad-mt4mt5thinktrader-mobile-windows-pdasmartphone,none,3
15,live_trading_account,"Open a Live Trading Account with ThinkMarkets",open-a-live-trading-account-with-thinkmarkets,https://welcome-partners.thinkmarkets.com/afs/come.php?cid=13819&amp;ctgid=1001&amp;atype=1&amp;brandid=7,1
16,mobile,"MT4 Android, MT4 iOS (iPhone/iPad)",mt4-android-mt4-ios-iphoneipad,none,3
16,live_trading_account,"Open a New FXCC Trading Account",open-a-new-fxcc-trading-account,https://hub.fxcc.com/register/live?fx=i-1971-S00C00,1
17,live_trading_account,"Open a New Account",open-a-new-account,http://smartvillesrla0000.ibfxpartners.com.au,1
19,mobile,"MT4 Android, MT4 iOS (iPhone/iPad)",mt4-android-mt4-ios-iphoneipad,none,3
19,live_trading_account,"Open a Live Prime Trading Account with Windsor Brokers",open-a-live-prime-trading-account-with-windsor-brokers,https://sc.myuserhub.com?pt=21524,1
19,live_trading_account,"Open a Live Zero Trading Account with&nbsp;Windsor Brokers",open-a-live-zero-trading-account-withnbspwindsor-brokers,https://sc.myuserhub.com?pt=21525,1
19,live_trading_account,"Open a Live VIP Zero Trading Account with&nbsp;Windsor Brokers",open-a-live-vip-zero-trading-account-withnbspwindsor-brokers,https://sc.myuserhub.com?pt=21526,1
20,mobile,"MT4 Android, MT4 iOS (iPhone/iPad)",mt4-android-mt4-ios-iphoneipad,none,3
20,live_trading_account,"Open a New Orbex Trading Account",open-a-new-orbex-trading-account,http://www.orbex.com/en/open-real-account?ref_id=1000479,1
21,mobile,"MT4 Android, MT4 iOS (iPhone/iPad)",mt4-android-mt4-ios-iphoneipad,none,3
21,live_trading_account,"Open a New ZuluTrade Account",open-a-new-zulutrade-account,http://fxrebates.zulutrade.com,1
22,mobile,"MT4 Android, MT4 iOS, MT5 Android, MT5 iOS, ActTrader Android, ActTrader iOS",mt4-android-mt4-ios-mt5-android-mt5-ios-acttrader-android-acttrader-ios,none,3
22,live_trading_account,"Open a Live Trading Account with AAAFx",open-a-live-trading-account-with-aaafx,https://my.aaafx.com/register?refLink=OTQ4&amp;refRm=MjM=,1
22,partner_account,"Open a Partner (IB/ Affiliate) Account with AAAFx",open-a-partner-ib-affiliate-account-with-aaafx,https://ib.aaafx.com/register?refLink=OTQ4fHwyMw==,1
23,mobile,"MT4 Android, MT4 iOS, MT5 Andoid, MT5 iOS, cTrader Android, cTrader iOS",mt4-android-mt4-ios-mt5-andoid-mt5-ios-ctrader-android-ctrader-ios,none,3
23,live_trading_account,"Open a Live&nbsp;Trading Account with FxPro",open-a-livenbsptrading-account-with-fxpro,https://direct.fxpro.com.cy/partner/77340051?lang=en,1
24,mobile,"MT4 Android, MT4 iOS (iPhone/iPad)",mt4-android-mt4-ios-iphoneipad,none,3
24,live_trading_account,"Open a New FxNet Trading Account",open-a-new-fxnet-trading-account,http://member.fxnet.com/aff/100344/9/fxnet-real,1
25,mobile,"MT4/MT5/FXOpen Trader Android, MT4/MT5 iOS (iPhone/iPad)",mt4mt5fxopen-trader-android-mt4mt5-ios-iphoneipad,none,3
25,live_trading_account,"Open a Live Trading Account with FXOpen",open-a-live-trading-account-with-fxopen,https://my.fxopen.com/Registration?agent=XX09FXPNXXG9278110001,1
26,live_trading_account,"Open a New Account",open-a-new-account,http://accentforex.com/en/?ref=10659,1
27,mobile,"MT4 & MT5 & cTrader Android, MT4 & MT5 & cTrader iOS (iPhone/iPad)",mt4-mt5-ctrader-android-mt4-mt5-ctrader-ios-iphoneipad,none,3
27,live_trading_account,"Open a New Pepperstone UK Trading Account",open-a-new-pepperstone-uk-trading-account,http://trk.pepperstonepartners.com/aff_c?offer_id=139&amp;aff_id=4774,1
27,live_trading_account,"Open a New Pepperstone AU Trading Account",open-a-new-pepperstone-au-trading-account,https://pepperstone.com/?a_aid=fxrebate,1
28,mobile,"MT4 Android, MT4 iOS (iPhone/iPad)",mt4-android-mt4-ios-iphoneipad,none,3
28,live_trading_account,"Open a New FXCL Markets Trading Account",open-a-new-fxcl-markets-trading-account,http://www.fxclearing.com/registration?ib=fxrebate,1
29,mobile,"MT4 & MT5 Android, MT4 & MT5 iOS (iPhone/iPad)",mt4-mt5-android-mt4-mt5-ios-iphoneipad,none,3
29,live_trading_account,"Open a New LiteForex Europe Trading Account for EU clients",open-a-new-liteforex-europe-trading-account-for-eu-clients,https://www.liteforex.eu/?uid=225080376&amp;cid=12315,1
29,live_trading_account,"Open a New LiteForex Investments Trading Account for Non EU clients",open-a-new-liteforex-investments-trading-account-for-non-eu-clients,http://www.liteforex.com/?uid=1687862643,1
30,mobile,"MT4 Android, MT4 iOS (iPhone/iPad), MT4 Mobile (Windows PDA/Smartphone)",mt4-android-mt4-ios-iphoneipad-mt4-mobile-windows-pdasmartphone,none,3
30,live_trading_account,"Open a New TFI FX Trading Account",open-a-new-tfi-fx-trading-account,http://www.tfifx.com/real-account-opening-wizard.aspx?i=523,1
32,mobile,"MT4 Android, MT4 iOS (iPhone/iPad), MT4 Mobile (Windows PDA/Smartphone), FOREXTrader Pro Mobile",mt4-android-mt4-ios-iphoneipad-mt4-mobile-windows-pdasmartphone-forextrader-pro-mobile,none,3
32,live_trading_account,"Open a New Forex.com Trading Account - FOREXTrader Pro",open-a-new-forexcom-trading-account-forextrader-pro,https://secure.efxnow.com/NewOLS_GCUK_EN/applyforex.aspx?BC=GCUK&amp;IBC=SVI2&amp;SIBC=SVI2,1
33,mobile,"MT4 Android, MT4 iOS (iPhone/iPad), MT4 Mobile (Windows PDA/Smartphone)",mt4-android-mt4-ios-iphoneipad-mt4-mobile-windows-pdasmartphone,none,3
33,live_trading_account,"Open a New Falcon Brokers Trading Account",open-a-new-falcon-brokers-trading-account,http://sys.falconbrokers.com/registration/liveaccount/index.php?langid=en&amp;promotion=FTA14,1
34,mobile,"MT4/MT5/CQG QTrader Android, MT4/MT5/CQG QTrader iOS (iPhone/iPad)",mt4mt5cqg-qtrader-android-mt4mt5cqg-qtrader-ios-iphoneipad,none,3
34,live_trading_account,"Open a New FortFS Trading Account",open-a-new-fortfs-trading-account,http://www.fortfs.com/?7091fcf,1
35,mobile,"MT4/MT5/R Trader Android, MT4/MT5/R Trader iOS",mt4mt5r-trader-android-mt4mt5r-trader-ios,none,3
35,live_trading_account,"Open a Live RoboForex Trading Account",open-a-live-roboforex-trading-account,https://my.roboforex.com/en/?a=zpcl,1
36,mobile,"MT4 Android, MT4 iOS (iPhone/iPad), MT4 Mobile (Windows PDA/Smartphone)",mt4-android-mt4-ios-iphoneipad-mt4-mobile-windows-pdasmartphone,none,3
36,live_trading_account,"Open a New FinFx Trading Account",open-a-new-finfx-trading-account,https://www.finfx.fi/en/IB200006/trading-accounts/,1
37,mobile,"MT5 Android, cTrader Android, cTrader iOS (iPhone/iPad)",mt5-android-ctrader-android-ctrader-ios-iphoneipad,none,3
37,live_trading_account,"Open a Live Trading Account with FxPrimus",open-a-live-trading-account-with-fxprimus,https://clients.fxprimus.com/en/register?ref=1000281&amp;regulator=vu,1
38,mobile,"MT4 Android, MT4 iOS (iPhone/iPad), MT4 Mobile (Windows PDA/Smartphone)",mt4-android-mt4-ios-iphoneipad-mt4-mobile-windows-pdasmartphone,none,3
38,live_trading_account,"Open a New Mayzus Trading Account",open-a-new-mayzus-trading-account,https://secure.mayzus.com/partner/fxrebate,1
39,live_trading_account,"Open a New Account",open-a-new-account,http://www.forex-metal.com/affiliate/68890/3,1
40,mobile,"MT4 Android, MT4 iOS (iPhone/iPad), MT4 Mobile (Windows PDA/Smartphone), EasyMarkets",mt4-android-mt4-ios-iphoneipad-mt4-mobile-windows-pdasmartphone-easymarkets,none,3
40,live_trading_account,"Open a New EasyMarkets Trading Account",open-a-new-easymarkets-trading-account,http://record.partners.easymarkets.com/_HtpHj1KSYoz2QoblTghdKmNd7ZgqdRLk/1/,1
41,mobile,"MT4 Android, MT5 Andorid, cTrader Android, MT4 iOS (iPhone/iPad), MT5 iOS (iPhone/iPad), cTrader iOS (iPhone/iPad)",mt4-android-mt5-andorid-ctrader-android-mt4-ios-iphoneipad-mt5-ios-iphoneipad-ctrader-ios-iphoneipad,none,3
41,live_trading_account,"Open a Live Trading Account with IC Markets",open-a-live-trading-account-with-ic-markets,https://icmarkets.com/?camp=70796,1
42,mobile,"MT4 Android, MT4 iOS (iPhone/iPad)",mt4-android-mt4-ios-iphoneipad,none,3
42,live_trading_account,"Open a New InstaForex Trading Account",open-a-new-instaforex-trading-account,https://www.instaforex.com?x=fxrebateeu,1
44,mobile,"MT4 Android, MT4 iOS (iPhone/iPad), MT4 Mobile (Windows PDA/Smartphone)",mt4-android-mt4-ios-iphoneipad-mt4-mobile-windows-pdasmartphone,none,3
44,live_trading_account,"Open a New FXCM UK Trading Account",open-a-new-fxcm-uk-trading-account,https://secure4.fxcorporate.com/tr/?rb=FINANCIAL_TRADING_ART,1
44,live_trading_account,"Open a New FXCM UK Spread Betting Account",open-a-new-fxcm-uk-spread-betting-account,https://secure4.fxcorporate.com/tr/?rb=FXREBATE_DBA_SB,1
45,mobile,"MT4 Android, MT5 Android, MT4 iOS (iPhone/iPad), MT5 iOS (iPhone/iPad), FXTM Trader Android, FXTM Trader iOS (iPhone/iPad)",mt4-android-mt5-android-mt4-ios-iphoneipad-mt5-ios-iphoneipad-fxtm-trader-android-fxtm-trader-ios-iphoneipad,none,3
45,live_trading_account,"Open a Live Trading Account with FXTM",open-a-live-trading-account-with-fxtm,https://www.forextime.com/?partner_id=4900113,1
46,mobile,"MT4 Android, MT4 iOS, MT5 Android, MT5 iOS",mt4-android-mt4-ios-mt5-android-mt5-ios,none,3
46,live_trading_account,"Open a Live Trading Account with Blackwell Global Bahamas",open-a-live-trading-account-with-blackwell-global-bahamas,https://secure.blackwellglobal.bs/links/go/4,1
46,live_trading_account,"Open a Live Trading Account with Blackwell Global British Virgin Islands",open-a-live-trading-account-with-blackwell-global-british-virgin-islands,https://infinitum.blackwellglobal.com/live3/ib_link.action?ct=IB&amp;iaid=26480813&amp;id=74&amp;lang=en,1
46,live_trading_account,"Open a Live Trading Account with Blackwell Global British Virgin Islands (Chinese clients)",open-a-live-trading-account-with-blackwell-global-british-virgin-islands-chinese-clients,https://infinitum.blackwellglobal.com/live3/ib_link.action?ct=IB&amp;iaid=26480813&amp;id=1004,1
46,partner_account,"Open a Partner Account (IB/ Affiliate) with Blackwell Global Bahamas",open-a-partner-account-ib-affiliate-with-blackwell-global-bahamas,https://secure.blackwellglobal.bs/links/go/4,1
47,mobile,"MT4 Android, MT4 iOS, cTrader Android, cTrader iOS",mt4-android-mt4-ios-ctrader-android-ctrader-ios,none,3
47,live_trading_account,"Open a Live Trading Account with Traders-Trust ",open-a-live-trading-account-with-traders-trust,https://my.traders-trust.com/links/go/33,1
48,mobile,"MT4 Android, MT4 iOS (iPhone/iPad), MT4 Mobile (Windows PDA/Smartphone)",mt4-android-mt4-ios-iphoneipad-mt4-mobile-windows-pdasmartphone,none,3
48,live_trading_account,"Open a New GCMFX Trading Account",open-a-new-gcmfx-trading-account,https://customers.gcmfx.com/customers/createCustomer?ib=210010,1
49,mobile,"MT4 Android, MT4 iOS (iPhone/iPad), MT4 Mobile (Windows PDA/Smartphone)",mt4-android-mt4-ios-iphoneipad-mt4-mobile-windows-pdasmartphone,none,3
49,live_trading_account,"Open a New Bulbrokers Trading Account",open-a-new-bulbrokers-trading-account,http://bulbrokers.com/en/online-trade/metatrader-4/open-live-account/?affiliate=A0032,1
50,mobile,"MT4 / ETX Trader / ETX Binary Android, MT4 / ETX Trader / ETX Binary iOS (iPhone/iPad)",mt4-etx-trader-etx-binary-android-mt4-etx-trader-etx-binary-ios-iphoneipad,none,3
50,live_trading_account,"Open a New ETX Capital Trading Account ",open-a-new-etx-capital-trading-account,http://www.etxpartners.com/processing/clickthrgh.asp?btag=a_166b_2,1
51,mobile,"MT4 Android, MT4 iOS (iPhone/iPad)",mt4-android-mt4-ios-iphoneipad,none,3
51,live_trading_account,"Open a Live Standard Trading Account with Hantec Markets",open-a-live-standard-trading-account-with-hantec-markets,https://portal-mu.hmarkets.com/en/register?refid=5713&amp;cmp=0n5r6s0x&amp;ent=hm,1
51,live_trading_account,"Open a Live ECN Trading Account with Hantec Markets",open-a-live-ecn-trading-account-with-hantec-markets,https://hmarkets.com/live-account-pre-registration/?refid=5713&amp;cmp=5y9x3k0j&amp;ent=hm,1
52,mobile,"MT4 Android, MT4 iOS (iPhone/iPad)",mt4-android-mt4-ios-iphoneipad,none,3
52,live_trading_account,"Open a New STO Trading Account under CySEC ",open-a-new-sto-trading-account-under-cysec,https://www.stofs.com/en/register/?camp=22616,1
52,live_trading_account,"Open a New STO Trading Account under FCA UK",open-a-new-sto-trading-account-under-fca-uk,http://www.stofs.com/en/register/live/?regulator=F&amp;camp=23703,1
53,mobile,"MT5 Android, MT5 iOS (iPhone/iPad)",mt5-android-mt5-ios-iphoneipad,none,3
53,live_trading_account,"Open a Live Trading Account with X Global Markets - EEA&nbsp;clients",open-a-live-trading-account-with-x-global-markets-eeanbspclients,https://portal.xglobalmarkets.com/homepage?ref=30400&amp;PID=1&amp;cws=https://portal.xglobalmarkets.com/realaccount?ref=30400&amp;PID=1,1
53,live_trading_account,"Open a Live Trading Account with XGlobal FX - non-EEA&nbsp;clients",open-a-live-trading-account-with-xglobal-fx-non-eeanbspclients,http://clientarea.xglobalfx.com/homepage?ref=20128&amp;PID=1&amp;cws=https://clientarea.xglobalfx.com/realaccount?ref=20128&amp;PID=1,1
56,mobile,"MT4 Android, MT4 iOS (iPhone/iPad), MT4 Mobile (Windows PDA/Smartphone), CQG Mobile",mt4-android-mt4-ios-iphoneipad-mt4-mobile-windows-pdasmartphone-cqg-mobile,none,3
56,live_trading_account,"Open a New DirectFX Trading Account",open-a-new-directfx-trading-account,http://backoffice.directfx.com/Redirect?linkID=waqli2854,1
57,mobile,"MT4 Android, MT4 iOS (iPhone/iPad)",mt4-android-mt4-ios-iphoneipad,none,3
57,live_trading_account,"Open a New KVB Kunlun Trading Account",open-a-new-kvb-kunlun-trading-account,https://accountopening.kvbkunlun.com/en/personal_details_mini_en.aspx?livecountry=Australia,1
58,mobile,"MT4/MT5/Advanced Trader Android, MT4/MT5/Advanced Trader iOS (iPhone/iPad)",mt4mt5advanced-trader-android-mt4mt5advanced-trader-ios-iphoneipad,none,3
58,live_trading_account,"Open a Live Trading Account with Swissquote",open-a-live-trading-account-with-swissquote,https://trade.swissquote.ch/signup/public/form/full/fx/com/individual?lang=en&amp;partnerid=9685b00b-cea1-4afb-835f-c6c9f0408baa#full/fx/com/individual/step1,1
59,mobile,No,no,none,3
59,live_trading_account,"Open a New Account",open-a-new-account,https://www.spediafx.com/en/open-account/live-account?aid=10759,1
60,mobile,"MT4 Android, MT4 iOS (iPhone/iPad), MT4 Mobile (Windows PDA/Smartphone), fxTrader Mobile",mt4-android-mt4-ios-iphoneipad-mt4-mobile-windows-pdasmartphone-fxtrader-mobile,none,3
60,live_trading_account,"Open a New Oanda Trading Account",open-a-new-oanda-trading-account,https://fxtrade.oanda.co.uk/your_account/fxtrade/register/individual/beforeyoubegin?ib=745970,1
62,mobile,"MT4 Android, MT4 iOS (iPhone/iPad), MT4 Mobile (Windows PDA/Smartphone)",mt4-android-mt4-ios-iphoneipad-mt4-mobile-windows-pdasmartphone,none,3
62,live_trading_account,"Open a New Alpha CM Individual Trading Account",open-a-new-alpha-cm-individual-trading-account,http://alpha-capitalmarkets.com/live-account/?ib=80155,1
62,live_trading_account,"Open a New Alpha CM Corporate Trading Account",open-a-new-alpha-cm-corporate-trading-account,http://alpha-capitalmarkets.com/corporate-form/?ib=80155,1
63,mobile,"MT4/MT5 Android, MT4/MT5 iOS (iPhone/iPad)",mt4mt5-android-mt4mt5-ios-iphoneipad,none,3
63,live_trading_account,"Open a Real Fibo Group Trading Account",open-a-real-fibo-group-trading-account,https://www.fibogroup.com/?ref=IB_fta,1
64,mobile,"MT4 Android, MT4 iOS (iPhone/iPad), MT4 Mobile (Windows PDA/Smartphone)",mt4-android-mt4-ios-iphoneipad-mt4-mobile-windows-pdasmartphone,none,3
64,live_trading_account,"Open a New MxTrade Trading Account",open-a-new-mxtrade-trading-account,https://www.mxtrade.com/?_aid=14082,1
65,mobile,"MT4/MT5 Android, MT4/MT5 iOS (iPhone/iPad)",mt4mt5-android-mt4mt5-ios-iphoneipad,none,3
65,live_trading_account,"Open a New HYCM Trading Account",open-a-new-hycm-trading-account,https://clicks.hyaffiliates.com/afs/come.php?cid=120439&amp;ctgid=1612&amp;atype=1&amp;brandid=12,1
66,mobile,"MT4 Android, MT4 iOS (iPhone/iPad)",mt4-android-mt4-ios-iphoneipad,none,3
66,live_trading_account,"Open a New Fidelis CM Trading Account",open-a-new-fidelis-cm-trading-account,http://www.fcmforex.com/Open_Account.aspx?ib=B2zPOi54x9cR463EeLljZwhyzOE4or8jwd4q5N7VLYQ0Ktrt9ZXbHoYJrKIKhK79,1
67,mobile,"MT4 Android, MT4 iOS (iPhone/iPad), MT4 Mobile (Windows PDA/Smartphone)",mt4-android-mt4-ios-iphoneipad-mt4-mobile-windows-pdasmartphone,none,3
67,live_trading_account,"Open a New ADS Securities London Standard Trading Account",open-a-new-ads-securities-london-standard-trading-account,https://my.ads-securities.co.uk/client-portal-web/uk/signup.html?ib=ADSL00040-1770,1
67,live_trading_account,"Open a New ADS Securities London ECN Trading Account",open-a-new-ads-securities-london-ecn-trading-account,https://my.ads-securities.com/client-portal-web/uk/signup.html?ib=ADSL00040-1769,1
67,live_trading_account,"Open a New ADS Securities London Spread Betting Account",open-a-new-ads-securities-london-spread-betting-account,https://my.ads-securities.co.uk/client-portal-web/uk/signup.html?ib=ADSL00040-2853,1
69,mobile,"MT4 Android, MT4 iOS, MT5 Android, MT5 iOS, LMAX Global Trading",mt4-android-mt4-ios-mt5-android-mt5-ios-lmax-global-trading,none,3
69,live_trading_account,"Open a Live Trading Account&nbsp;with LMAX Global",open-a-live-trading-accountnbspwith-lmax-global,https://www.lmax.com/global/apply-for-an-account?affid=TradingArtNZ,1
70,mobile,"MT4/MT5 Android, MT4/MT5 iOS (iPhone/iPad)",mt4mt5-android-mt4mt5-ios-iphoneipad,https://afinance.pro/amarkets-app-en/?g=0CEBD,3
70,live_trading_account,"Open a Live Trading Account with AMarkets",open-a-live-trading-account-with-amarkets,https://my.amarkets.org/sign_up/real/step2/g/0CEBD,1
71,mobile,"MT4/ MT5 Android, MT4/ MT5 iOS (iPhone/iPad)",mt4-mt5-android-mt4-mt5-ios-iphoneipad,none,3
71,live_trading_account,"Open a New AETOS CG AU&nbsp;Trading Account",open-a-new-aetos-cg-aunbsptrading-account,https://www.aetoscg.com/12030036-E00,1
72,mobile,"MT4 Android, MT4 iOS (iPhone/iPad)",mt4-android-mt4-ios-iphoneipad,https://www.land-fx.com/platform/mt4_mobile,3
72,mobile,"MT5 Andoid, MT5 iOS (iPhone/iPad)",mt5-andoid-mt5-ios-iphoneipad,https://www.land-fx.com/platform/mt5_mobile,3
72,live_trading_account,"Open a Live Trading Account with Land-FX&nbsp;under UK jurisdiction (professional clients only)",open-a-live-trading-account-with-land-fxnbspunder-uk-jurisdiction-professional-clients-only,https://www.land-fx.co.uk/?code=1810,1
72,live_trading_account,"Open a Live Trading Account with Land-FX under SVG&nbsp;jurisdiction",open-a-live-trading-account-with-land-fx-under-svgnbspjurisdiction,https://www.landprime.com/?code=e7740fa784e21dc3,1
72,partner_account,"Open a Partner (IB/ Affiliate) Account with Land-FX",open-a-partner-ib-affiliate-account-with-land-fx,https://ib.land-fx.com/?code=19207,1
73,mobile,"MT4 Android",mt4-android,https://www.yadix.com/trading-platforms/android-platform/,3
73,mobile,"MT4 iOS (iPhone)",mt4-ios-iphone,https://www.yadix.com/trading-platforms/iphone-platform/,3
73,mobile,"MT4 iOS (iPad)",mt4-ios-ipad,https://www.yadix.com/trading-platforms/ipad-platform/,3
73,live_trading_account,"Open a Live Trading Account with Yadix ",open-a-live-trading-account-with-yadix,https://www.yadix.com/?ib=3093046,1
74,mobile,"MT4 Android, MT4/MT5  iOS (iPhone/iPad)",mt4-android-mt4mt5-ios-iphoneipad,none,3
74,live_trading_account,"Open a Live Tradeview MT4 Trading Account",open-a-live-tradeview-mt4-trading-account,https://www.tradeviewlatam.com/en/forms/accounts/individual?ibla=5230032,1
74,live_trading_account,"Open a Live Tradeview MT5&nbsp;Trading Account",open-a-live-tradeview-mt5nbsptrading-account,https://www.tradeviewlatam.com/en/forms/accounts/individual?ibla=50156,1
75,mobile,"MT4 Android, MT4 iOS, MT5 Android, MT5 iOS",mt4-android-mt4-ios-mt5-android-mt5-ios,none,3
75,live_trading_account,"Open a Live MT4 Standard Trading Account with Trive",open-a-live-mt4-standard-trading-account-with-trive,https://www.trive.com/int/Register?partner=20568&amp;defaultContractId=69283&amp;accountTypeId=1,1
75,live_trading_account,"Open a Live MT4 Raw Trading&nbsp;Account with Trive",open-a-live-mt4-raw-tradingnbspaccount-with-trive,https://www.trive.com/int/Register?partner=20568&amp;defaultContractId=69283&amp;accountTypeId=10,1
75,live_trading_account,"Open a Live MT4 ECN Zero Trading Account with Trive",open-a-live-mt4-ecn-zero-trading-account-with-trive,https://www.trive.com/int/Register?partner=20568&amp;defaultContractId=69283&amp;accountTypeId=3,1
75,live_trading_account,"Open a Live MT4 VIP Trading Account with Trive",open-a-live-mt4-vip-trading-account-with-trive,https://www.trive.com/int/Register?partner=20568&amp;defaultContractId=69283&amp;accountTypeId=4,1
75,live_trading_account,"Open a Live MT5&nbsp;Standard&nbsp;Trading Account with Trive",open-a-live-mt5nbspstandardnbsptrading-account-with-trive,https://www.trive.com/int/Register?partner=20568&amp;defaultContractId=69283&amp;accountTypeId=12,1
75,live_trading_account,"Open a Live MT5&nbsp;ECN Zero Trading Account with Trive",open-a-live-mt5nbspecn-zero-trading-account-with-trive,https://www.trive.com/int/Register?partner=20568&amp;defaultContractId=69283&amp;accountTypeId=14,1
75,live_trading_account,"Open a Live MT5&nbsp;VIP Trading Account with Trive",open-a-live-mt5nbspvip-trading-account-with-trive,https://www.trive.com/int/Register?partner=20568&amp;defaultContractId=69283&amp;accountTypeId=16,1
76,mobile,"MT4 Android, MT4 iOS (iPhone/iPad), MT4 Mobile (Windows PDA/Smartphone)",mt4-android-mt4-ios-iphoneipad-mt4-mobile-windows-pdasmartphone,none,3
76,live_trading_account,"Open a New FXDD Malta Trading Account",open-a-new-fxdd-malta-trading-account,https://fxdemo.fxdd.com/olreg/applyonline/LiveRegistrationInfoAction?ibrokerCode=ftart-mt&amp;languageId=en_US,1
77,mobile,"MT4 Android, MT4 iOS (iPhone/iPad), MT4 Mobile (Windows PDA/Smartphone)",mt4-android-mt4-ios-iphoneipad-mt4-mobile-windows-pdasmartphone,none,3
77,live_trading_account,"Open a New Capital Index Trading Account",open-a-new-capital-index-trading-account,http://wlcapitalindex.adsrv.eacdn.com/C.ashx?btag=a_112b_44c_&amp;affid=104&amp;siteid=112&amp;adid=44&amp;c=,1
79,mobile,"MT4 Android, MT4 iOS, MT5 Android, MT5 iOS",mt4-android-mt4-ios-mt5-android-mt5-ios,none,3
79,live_trading_account,"Open a Live MT4 ECN Trading Account with Valutrades UK",open-a-live-mt4-ecn-trading-account-with-valutrades-uk,https://client.valutrades.com/register/live?_locale=en&amp;btag=a_u2906_c1_&amp;mtag=AffiliateLink&amp;utm_source=affiliate,1
79,live_trading_account,"Open a Live MT5&nbsp;ECN Trading Account with Valutrades UK",open-a-live-mt5nbspecn-trading-account-with-valutrades-uk,https://https://client.valutrades.com/register/live/mt5ecn?_locale=en&amp;btag=a_u2906_c1_&amp;mtag=AffiliateLink&amp;utm_source=affiliate,1
79,live_trading_account,"Open a Live MT4 ECN Trading Account with Valutrades Seychelles",open-a-live-mt4-ecn-trading-account-with-valutrades-seychelles,https://client.valutrades.sc/register/live?_locale=en&amp;btag=a_u27577_c1_&amp;mtag=AffiliateLink&amp;utm_source=affiliate,1
80,mobile,"MT4 Android, MT4 iOS (iPhone/iPad)",mt4-android-mt4-ios-iphoneipad,none,3
80,live_trading_account,"Open a New Vipro Markets Trading Account",open-a-new-vipro-markets-trading-account,https://www.vipromarkets.com/lp/start-trading-forex-open-live-account/?utm_source=fxrebate&amp;utm_medium=broker_listing&amp;utm_content=2016&amp;utm_campaign=start_trading_forex,1
82,mobile,"MT4 Android, MT4 iOS (iPhone/iPad)",mt4-android-mt4-ios-iphoneipad,none,3
82,live_trading_account,"Open a New KeyStock Trading Account",open-a-new-keystock-trading-account,http://serv.keystock.com/promoRedirect?key=ej0xMzUyNzUyNyZsPTEzNTI3MDI4JnA9NDMwMg%3D%3D&amp;var1=register,1
83,mobile,"MT4 Android, MT4 iOS (iPhone/iPad)",mt4-android-mt4-ios-iphoneipad,none,3
83,live_trading_account,"Open a New Trade.com Trading Account",open-a-new-tradecom-trading-account,http://serv.trade.com/promoRedirect?key=ej0xMzUyNDM2NyZsPTEzNTIzOTg5JnA9NDMwNA%3D%3D,1
84,mobile,"MT4/MT5 Android, MT4/MT5 iOS (iPhone/iPad)",mt4mt5-android-mt4mt5-ios-iphoneipad,none,3
84,live_trading_account,"Open an Individual&nbsp;Live Trading Account with GBE Brokers",open-an-individualnbsplive-trading-account-with-gbe-brokers,https://bit.ly/2zDkxWs,1
84,live_trading_account,"Open a Corporate&nbsp;Live Trading Account with GBE Brokers",open-a-corporatenbsplive-trading-account-with-gbe-brokers,https://bit.ly/2Wr2mwg,1
85,mobile,"MT4/JForex3 Android, MT4/JForex3 iOS (iPhone/iPad)",mt4jforex3-android-mt4jforex3-ios-iphoneipad,none,3
85,live_trading_account,"Open a Live Trading Account with Dukascopy Europe",open-a-live-trading-account-with-dukascopy-europe,https://www.dukascopy.com/europe/english/forex/FX-Interbank-Account/?ibref=14305,1
86,mobile,"MT4 Android, MT4 iOS (iPhone/iPad)",mt4-android-mt4-ios-iphoneipad,none,3
86,live_trading_account,"Open a New Solforex Trading Account",open-a-new-solforex-trading-account,http://old.solforex.com/index.html?opentype=real&amp;vender=robcptn,1
87,mobile,"MT5 Android, MT5 iOS (iPhone/iPad)",mt5-android-mt5-ios-iphoneipad,none,3
87,live_trading_account,"Open a Live&nbsp;Trading Account with FxGrow CY (under CySEC regulation)",open-a-livenbsptrading-account-with-fxgrow-cy-under-cysec-regulation,https://secure.fxgrow.com/pp/c52ee600bb796cbeb2d98dc6aa9058e8,1
87,live_trading_account,"Open a Live Trading Account with FxGrow VU (under FSC VU&nbsp;regulation)",open-a-live-trading-account-with-fxgrow-vu-under-fsc-vunbspregulation,https://secure.fxgrow.com/pp/7636d576a11ae937f0543efea51906ae,1
88,mobile,"MT4 Android, MT4 iOS (iPhone/iPad)",mt4-android-mt4-ios-iphoneipad,https://www.triomarkets.com/en/platforms/mobile-trading,3
88,live_trading_account,"Open a Live Trading Account with TrioMarkets",open-a-live-trading-account-with-triomarkets,https://my.triomarkets.com/live_signup?sidc=4A8D0DE6-0C2D-4064-9AE6-C6C8A69D1C1D,1
89,mobile,"MT4/MT5 Android, MT4/MT5 iOS (iPhone/iPad)",mt4mt5-android-mt4mt5-ios-iphoneipad,none,3
89,live_trading_account,"Open a New BDSwiss Trading Account",open-a-new-bdswiss-trading-account,https://dashboard-group.bdswiss.com/register/?campaign=1341&amp;p1=&amp;p2=5051&amp;p3=3d3a9l0y,1
90,mobile,"MT4 Android, MT4 iOS (iPhone/iPad)",mt4-android-mt4-ios-iphoneipad,none,3
90,live_trading_account,"Open a Live Trading account with ForexMart",open-a-live-trading-account-with-forexmart,https://www.forexmart.com/register?id=SOCEE,1
91,mobile,"MT4 Android, MT4 iOS (iPhone/iPad)",mt4-android-mt4-ios-iphoneipad,none,3
91,live_trading_account,"Open a New Tallinex Trading Account",open-a-new-tallinex-trading-account,http://www.tallinex.com/open-account?i=206592,1
92,mobile,"MT5 Android, MT5 iOS (iPhone/iPad)",mt5-android-mt5-ios-iphoneipad,none,3
92,live_trading_account,"Open a New CentroFX Trading Account",open-a-new-centrofx-trading-account,https://crm.centrofx.com/EbasSpi.html?dmn=9270879&amp;locale=en&amp;refId=11570860&amp;refType=3&amp;#m=Login/crtac-real,1
93,mobile,"MT4 Android, MT4 iOS (iPhone/iPad)",mt4-android-mt4-ios-iphoneipad,none,3
93,live_trading_account,"Open a New Matador Prime Trading Account",open-a-new-matador-prime-trading-account,http://www.matadorprime.com/ib/FTA/live,1
94,mobile,"MT4 Android, MT4 iOS, MT5 Android, MT5 iOS",mt4-android-mt4-ios-mt5-android-mt5-ios,https://www.usgforex.com/usg-mobile-platforms-mt4-mt5?culture=en-US,3
94,live_trading_account,"Open a Live&nbsp;Trading Account with USGFX",open-a-livenbsptrading-account-with-usgfx,http://www.usgforex.com/RegAcc/RegAccStep1?culture=en-US&amp;IB=2128p8z8x808z8K-01,1
95,mobile,"MT4 Android, MT4 iOS (iPhone/iPad), MT4 Mobile (Windows PDA/Smartphone)",mt4-android-mt4-ios-iphoneipad-mt4-mobile-windows-pdasmartphone,none,3
95,live_trading_account,"Open a New MaxFX Trading Account",open-a-new-maxfx-trading-account,http://maxfx.com/?camp=624,1
96,mobile,"MT4/LCG Trader Android, MT4/LCG Trader iOS (iPhone/iPad)",mt4lcg-trader-android-mt4lcg-trader-ios-iphoneipad,none,3
96,live_trading_account,"Open a Live Trading Account with LCG",open-a-live-trading-account-with-lcg,https://bhs-my.lcg.com/url/#/KMvDiV5usM,1
97,mobile,"MT4 Android, MT4 iOS (iPhone/iPad)",mt4-android-mt4-ios-iphoneipad,none,3
97,live_trading_account,"Open a New CM Trading Account",open-a-new-cm-trading-account,https://www.cmtrading.com/en-US/Account/Register?A=9814&amp;country=allowed,1
98,mobile,"MT4 Android, MT4 iOS (iPhone/iPad), MT4 Mobile (Windows PDA/Smartphone)",mt4-android-mt4-ios-iphoneipad-mt4-mobile-windows-pdasmartphone,none,3
98,live_trading_account,"Open a New ApolloFX Trading Account",open-a-new-apollofx-trading-account,http://www.apollofx.co.uk/traders_room/en/real?referrer=TP721457,1
99,mobile,"MT4 Android, MT4 iOS (iPhone/iPad), MT5 Andoid, MT5 iOS (iPhone/iPad)",mt4-android-mt4-ios-iphoneipad-mt5-andoid-mt5-ios-iphoneipad,https://www.gomarkets.com/en/mobile-trading-platforms/,3
99,live_trading_account,"Open a Live Trading Account with GO&nbsp;Markets AU",open-a-live-trading-account-with-gonbspmarkets-au,https://gomarkets.eappform.com/initiate.aspx?Pcode=21101,1
99,live_trading_account,"Open a Live Trading Account with GO&nbsp;Markets MU",open-a-live-trading-account-with-gonbspmarkets-mu,https://app.gomarkets.mu/?Pcode=2021101,1
99,live_trading_account,"Open a Live MT5 Trading Account with GO&nbsp;Markets",open-a-live-mt5-trading-account-with-gonbspmarkets,https://app.gomarkets.mu/?Pcode=5010035,1
100,mobile,"MT4/Fortrader Android, MT4/Fortrader iOS (iPhone/iPad)",mt4fortrader-android-mt4fortrader-ios-iphoneipad,none,3
100,live_trading_account,"Open a New Fortrade Trading Account",open-a-new-fortrade-trading-account,http://www.fortrade.com?B=567&amp;A=145665&amp;mtId=567,1
101,mobile,"Next Generation Android, Next Generation iOS (iPhone/iPad)",next-generation-android-next-generation-ios-iphoneipad,none,3
101,live_trading_account,"Open a New CMC Markets Trading Account",open-a-new-cmc-markets-trading-account,https://oaf.cmcmarkets.com/en-gb/onboarding-start?token=&amp;product=CFD&amp;iaid=913914,1
102,mobile,"MT4 Android, MT4 iOS (iPhone/iPad), MT5 Android, MT5 iOS (iPhone/iPad)",mt4-android-mt4-ios-iphoneipad-mt5-android-mt5-ios-iphoneipad,none,3
102,live_trading_account,"Open a Live Standard Trading Account with MultiBank Group (USD account)",open-a-live-standard-trading-account-with-multibank-group-usd-account,https://multibankfx.com/account/live-account?ibNum=333100038,1
102,live_trading_account,"Open a Live Standard Trading Account with MultiBank Group (EUR&nbsp;account)",open-a-live-standard-trading-account-with-multibank-group-eurnbspaccount,https://mexatlantic.com/account/live-account?ibNum=333527315,1
102,live_trading_account,"Open a Live Pro Trading Account with MultiBank Group",open-a-live-pro-trading-account-with-multibank-group,https://multibankfx.com/account/live-account?ibNum=6600462,1
103,mobile,"MT4 Android, MT4 iOS (iPhone/iPad), DTMobile Android, DTMobile iOS (iPhone/iPad), DTMobile Windows",mt4-android-mt4-ios-iphoneipad-dtmobile-android-dtmobile-ios-iphoneipad-dtmobile-windows,none,3
103,live_trading_account,"Open a New Delta Trading Account",open-a-new-delta-trading-account,http://www.deltastock.com/english/platforms/open-live-account.asp?pc=site&amp;acs=L44133,1
103,live_trading_account,"Open a New Deltastock MT4 Trading Account",open-a-new-deltastock-mt4-trading-account,http://www.deltastock.com/english/services/open-live-account.asp?pc=site&amp;mt=yes&amp;acs=L44133,1
104,mobile,"MT4 Android, MT4 iOS (iPhone/iPad), MT4 Mobile (Windows PDA/Smartphone)",mt4-android-mt4-ios-iphoneipad-mt4-mobile-windows-pdasmartphone,none,3
104,live_trading_account,"Open a New Destek Markets Trading Account",open-a-new-destek-markets-trading-account,https://www.destekmarkets.com/en/my/openrealaccount?utm_source=401953#!/,1
105,mobile,"MT4/MT5 Android, MT4/MT5 iOS (iPhone/iPad)",mt4mt5-android-mt4mt5-ios-iphoneipad,none,3
105,live_trading_account,"Open a Live USD Trading Account with Vantage&nbsp;Markets",open-a-live-usd-trading-account-with-vantagenbspmarkets,https://www.vantagemarkets.com/forex-trading/forex-trading-account/?affid=5267,1
105,live_trading_account,"Open a Live EUR&nbsp;Trading Account with Vantage&nbsp;Markets",open-a-live-eurnbsptrading-account-with-vantagenbspmarkets,https://www.vantagemarkets.com/forex-trading/forex-trading-account/?affid=58169,1
107,mobile,"MT4 Android, MT4 iOS (iPhone/iPad)",mt4-android-mt4-ios-iphoneipad,none,3
107,live_trading_account,"Open a New UGL Exchange Trading Account",open-a-new-ugl-exchange-trading-account,https://livepartner.uglexchange.com/?r=reg/regiframe&amp;id=SUIzMDAwMDAwMjY=,1
108,mobile,"MT4/MT5 Android, MT4/MT5 iOS (iPhone/iPad)",mt4mt5-android-mt4mt5-ios-iphoneipad,none,3
108,live_trading_account,"Open a STP Live Trading Account with Infinox",open-a-stp-live-trading-account-with-infinox,https://www.infinox.com/fsc/en/registration/live-account/?affid=OTAwMTkzNA==,1
108,live_trading_account,"Open a ECN Live Trading Account with Infinox",open-a-ecn-live-trading-account-with-infinox,https://www.infinox.com/fsc/en/registration/live-account/?affid=OTAwMTkzNQ==,1
108,live_trading_account,"Open a IX Social Live Trading Account with Infinox",open-a-ix-social-live-trading-account-with-infinox,https://www.infinox.com/fsc/en/registration/live-account/?affid=OTAwMTkzNg==,1
109,mobile,"MT4/Cresco Trader Android, MT4/Cresco Trader iOS (iPhone/iPad)",mt4cresco-trader-android-mt4cresco-trader-ios-iphoneipad,none,3
109,live_trading_account,"Open a New Cresco FX&nbsp;Trading Account",open-a-new-cresco-fxnbsptrading-account,https://www.crescofx.com/personal-application-form/?ib=CFX_IB_210,1
110,mobile,"MT4 Android, MT4 iOS (iPhone/iPad), MT5 Andoid, MT5 iOS (iPhone/iPad)",mt4-android-mt4-ios-iphoneipad-mt5-andoid-mt5-ios-iphoneipad,none,3
110,live_trading_account,"Open a Live Trading Account with Eurotrader",open-a-live-trading-account-with-eurotrader,https://t.eurotrader.com/?t=eklnCo,1
110,partner_account,"Open a Partner (IB/ Affiliate) Account with Eurotrader",open-a-partner-ib-affiliate-account-with-eurotrader,https://t.eurotrader.com/?t=eklnCo,1
111,mobile,"MT4 Android, MT4 iOS (iPhone/iPad), MT5 Andoid, MT5 iOS (iPhone/iPad)",mt4-android-mt4-ios-iphoneipad-mt5-andoid-mt5-ios-iphoneipad,none,3
111,live_trading_account,"Open a Live Trading Account with Decode FX",open-a-live-trading-account-with-decode-fx,https://apply.decodefx.vc/?refcode=DVCY-105314,1
112,mobile,"MT4 Android, MT4 iOS (iPhone/iPad)",mt4-android-mt4-ios-iphoneipad,none,3
112,live_trading_account,"Open a Live Fix Trading Account with NordFX",open-a-live-fix-trading-account-with-nordfx,https://account.nordfx.com/account/register?id=1409095&amp;lang=en&amp;account_type=fix,1
112,live_trading_account,"Open a Live Pro&nbsp;Trading Account with NordFX",open-a-live-pronbsptrading-account-with-nordfx,https://account.nordfx.com/account/register?id=1409095&amp;lang=en&amp;account_type=pro,1
112,live_trading_account,"Open a Live Zero Trading Account with NordFX",open-a-live-zero-trading-account-with-nordfx,https://account.nordfx.com/account/register?id=1409095&amp;lang=en&amp;account_type=zero,1
113,mobile,"MT4/Libertex Android, MT4/Libertex iOS (iPhone/iPad)",mt4libertex-android-mt4libertex-ios-iphoneipad,none,3
113,live_trading_account,"Open a Live Libertex Trading Account",open-a-live-libertex-trading-account,https://libertex-affiliates.ck-cdn.com/tn/serve/geoGroup/?rgid=6&amp;bta=40758,1
113,live_trading_account,"Open a Live MT4 Trading Account",open-a-live-mt4-trading-account,https://go.libertex.com/visit/?bta=40758&amp;nci=8548,1
114,mobile,"MT4 Android, MT5 Android, cTrader Android, Iress Android, MT4 iOS, MT5 iOS, cTrader iOS, Iress iOS",mt4-android-mt5-android-ctrader-android-iress-android-mt4-ios-mt5-ios-ctrader-ios-iress-ios,none,3
114,live_trading_account,"Open a Live Trading Account with FP Markets",open-a-live-trading-account-with-fp-markets,https://portal.fpmarkets.com/int-EN/register?redir=stv&amp;fpm-affiliate-utm-source=IB&amp;fpm-affiliate-agt=13260,1
114,partner_account,"Open a Partner (IB/ Affiliate) Account with FP Markets",open-a-partner-ib-affiliate-account-with-fp-markets,https://ib.fpmarkets.com/register?fpm-partner-ref=M5-13260,1
115,mobile,"Capital.com Android, Capital.com iOS (iPhone/iPad)",capitalcom-android-capitalcom-ios-iphoneipad,none,3
115,live_trading_account,"Open a Live Trading Account with Capital.com",open-a-live-trading-account-with-capitalcom,https://go.currency.com/visit/?bta=35227&amp;brand=capital&amp;utm_campaign=fxrebate,1
116,mobile,"MT4 Android, MT4 iOS, MT4 Windows",mt4-android-mt4-ios-mt4-windows,https://oneroyal.com/en/trading-platform/mt4-mobile,3
116,mobile,"MT5 Android, MT5 iOS",mt5-android-mt5-ios,https://oneroyal.com/en/trading-platform/mt5-mobile,3
116,live_trading_account,"Open a Live Trading Account with One Royal",open-a-live-trading-account-with-one-royal,https://vc.cabinet.oneroyal.com/links/go/4087,1
116,partner_account,"Open a Partner (IB/ Affiliate) Account with One Royal",open-a-partner-ib-affiliate-account-with-one-royal,https://vc.cabinet.oneroyal.com/links/go/4087,1
117,mobile,"MT4/MT5 Android, MT4/MT5 iOS (iPhone/iPad)",mt4mt5-android-mt4mt5-ios-iphoneipad,none,3
117,live_trading_account,"Open a Live Classic Trading Account with TMGM",open-a-live-classic-trading-account-with-tmgm,https://portal.tmgm.com/register?node=NDUxNjA=&amp;language=en,1
117,live_trading_account,"Open a Live Standard Trading Account with TMGM",open-a-live-standard-trading-account-with-tmgm,https://portal.tmgm.com/register?node=MzI3ODg=&amp;language=en,1
117,live_trading_account,"Open a Live Premium Trading Account with TMGM",open-a-live-premium-trading-account-with-tmgm,https://portal.tmgm.com/register?node=MzI5ODI=&amp;language=en,1
117,live_trading_account,"Open a Live Pro Trading Account with TMGM",open-a-live-pro-trading-account-with-tmgm,https://portal.tmgm.com/register?node=MzI5ODM=&amp;language=en,1
117,live_trading_account,"Open a Live ECN Trading Account with TMGM",open-a-live-ecn-trading-account-with-tmgm,https://portal.tmgm.com/register?node=MzI3ODk=&amp;language=en,1
117,live_trading_account,"Open a Live Edge&nbsp;Trading Account with TMGM",open-a-live-edgenbsptrading-account-with-tmgm,https://portal.tmgm.com/register?node=NDUxNjE=&amp;language=en,1
118,mobile,"MT4/MT5 Android, MT4/MT5 iOS (iPhone/iPad)",mt4mt5-android-mt4mt5-ios-iphoneipad,https://titanfx.com/trading-platforms-download/,3
118,live_trading_account,"Open a Live Trading Account with TitanFX",open-a-live-trading-account-with-titanfx,https://partners.titanfx.com/registration/ref?cp=DFES5E7DSO537,1
119,mobile,"MT4 Android, MT4 iOS (iPhone/iPad)",mt4-android-mt4-ios-iphoneipad,none,3
119,live_trading_account,"Open a Live Trading Account with LMFX",open-a-live-trading-account-with-lmfx,https://www.lmfx.com/?refid=100837,1
120,mobile,"MT4 Android, MT4 iOS (iPhone/iPad), Trader Evolution",mt4-android-mt4-ios-iphoneipad-trader-evolution,none,3
120,live_trading_account,"Open a Live Trading Account with Global Prime",open-a-live-trading-account-with-global-prime,https://globalprime.com/?refcode=81553,1
120,partner_account,"Open a Partner (IB/ Affiliate) Account with Global Prime",open-a-partner-ib-affiliate-account-with-global-prime,https://globalprime.com/?refcode=81553,1
121,mobile,"MT4/ MT5 Android, MT4/ MT5 iOS (iPhone/iPad)",mt4-mt5-android-mt4-mt5-ios-iphoneipad,none,3
121,live_trading_account,"Open a&nbsp;New Trading Account with Axiance",open-anbspnew-trading-account-with-axiance,https://client.axiance.com/int/sign-up/live?fxbl=axianceint&amp;fxsrc=np&amp;fxaffid=5510&amp;fxcid=8k1k5j1w&amp;referral=5510,1
122,mobile,"Exante Android, Exante iOS (iPhone/iPad)",exante-android-exante-ios-iphoneipad,none,3
122,live_trading_account,"Open a Real Trading Account at Exante",open-a-real-trading-account-at-exante,https://exante.eu/p/13451/#open-an-account,1
123,mobile,"MT4 Android, MT5 Android, MT4 iOS, MT5 iOS",mt4-android-mt5-android-mt4-ios-mt5-ios,none,3
123,live_trading_account,"Open a Live Standard Trading Account with Scope Markets",open-a-live-standard-trading-account-with-scope-markets,https://secure.scopemarkets.com/en/register/?brd=1&amp;sidc=A0464407-1456-4389-9990-40B8778BA698,1
123,live_trading_account,"Open a Live Raw Trading Account with Scope Markets",open-a-live-raw-trading-account-with-scope-markets,https://secure.scopemarkets.com/en/register/?brd=1&amp;sidc=78AD4F89-63B5-44D0-9EBB-BDDD20FC8E79,1
123,partner_account,"Open a Partner (IB/ Affiliate) Standard Account with Scope Markets",open-a-partner-ib-affiliate-standard-account-with-scope-markets,https://secure.scopemarkets.com/en/register/?brd=1&amp;sidc=A0464407-1456-4389-9990-40B8778BA698,1
123,partner_account,"Open a Partner (IB/ Affiliate) RAW Account with Scope Markets",open-a-partner-ib-affiliate-raw-account-with-scope-markets,https://secure.scopemarkets.com/en/register/?brd=1&amp;sidc=78AD4F89-63B5-44D0-9EBB-BDDD20FC8E79,1
124,mobile,"MT4 Android, MT4 iOS, MT5 Android, MT5 iOS",mt4-android-mt4-ios-mt5-android-mt5-ios,none,3
124,live_trading_account,"Open a Live Trading Account Spread with TIOmarkets",open-a-live-trading-account-spread-with-tiomarkets,https://tiomarkets.com/en/register?cmp=1n6y6b1p&amp;refid=1483,1
124,live_trading_account,"Open a Live Trading Account Standard with TIOmarkets",open-a-live-trading-account-standard-with-tiomarkets,https://tiomarkets.com/en/register?cmp=6k1q1d9i&amp;refid=1483,1
124,live_trading_account,"Open a Live Trading Account VIP with TIOmarkets",open-a-live-trading-account-vip-with-tiomarkets,https://tiomarkets.com/en/register?cmp=6j9r1d0d&amp;refid=1483,1
124,live_trading_account,"Open a Live Trading Account VIP Black with TIOmarkets",open-a-live-trading-account-vip-black-with-tiomarkets,https://tiomarkets.com/en/register?cmp=3g9o2i3p&amp;refid=1483,1
125,mobile,"FX Lite BO Android, SMFX MobileTrader",fx-lite-bo-android-smfx-mobiletrader,none,3
125,live_trading_account,"Open a Live Trading Account with Solidary Markets FX",open-a-live-trading-account-with-solidary-markets-fx,http://solidarymarkets.com/?Aid=2019000021818,1
126,mobile,"MT4/MT5 Android, MT4/MT5 iOS (iPhone/iPad)",mt4mt5-android-mt4mt5-ios-iphoneipad,none,3
126,live_trading_account,"Open a Live Trading Account with Blue Suisse",open-a-live-trading-account-with-blue-suisse,https://bluesuisse.com/adm.php?Adm=7067,1
127,mobile,"MT4 Android, MT4 iOS (iPhone/iPad)",mt4-android-mt4-ios-iphoneipad,none,3
127,live_trading_account,"Open a Live Trading Account with Proton Capital Markets",open-a-live-trading-account-with-proton-capital-markets,https://protoncm.com/adm.php?Adm=7069,1
128,mobile,"MT4/MT5/Guidants Android, MT4/MT5/Guidants iOS (iPhone/iPad)",mt4mt5guidants-android-mt4mt5guidants-ios-iphoneipad,none,3
128,live_trading_account,"Open a Live Trading Account with JFD",open-a-live-trading-account-with-jfd,https://www.jfdbank.com/en/online-trading/account/register?account=mod_formpersaccount&amp;ib=fxreb,1
129,mobile,"MT4 Android, MT4 iOS (iPhone/iPad)",mt4-android-mt4-ios-iphoneipad,none,3
129,live_trading_account,"Open a Live Trading Account with Charterprime",open-a-live-trading-account-with-charterprime,https://members.charter-prime.com/user/register?userType=0&amp;referCode=AN5A4M0GPE&amp;lang=en-US,1
130,mobile,"MT4 Android, MT4 iOS, MT5 Android, MT5 iOS",mt4-android-mt4-ios-mt5-android-mt5-ios,none,3
130,live_trading_account,"Open a Live Trading Account with CWG Markets",open-a-live-trading-account-with-cwg-markets,https://secure.cwgmarkets.com/#/signup/19723/F0/B0,1
130,partner_account,"Open a Partner (IB/ Affiliate) Account with CWG Markets",open-a-partner-ib-affiliate-account-with-cwg-markets,https://secure.cwgmarkets.com/#/signup/19723/F0/B0,1
131,mobile,"MT4 Android, MT4 iOS, MT5 Android, MT5 iOS, Naga Android, Naga iOS",mt4-android-mt4-ios-mt5-android-mt5-ios-naga-android-naga-ios,none,3
131,live_trading_account,"Open a Live Trading Account with Naga",open-a-live-trading-account-with-naga,https://www.naga.com/register?is_flexible=true&amp;cmp=6y1u4x9z&amp;refid=1632,1
132,mobile,"MT4 Android, MT4 iOS (iPhone/iPad)",mt4-android-mt4-ios-iphoneipad,none,3
132,live_trading_account,"Open a Live Trading Account with SGT Markets",open-a-live-trading-account-with-sgt-markets,https://my.sgtmarkets.com/open-live-account?ib=9b52ebf8-916e-4a46-bb88-1b9604807e4d,1
133,mobile,"MT4 Android, MT5 Android, MT4 iOS (iPhone/iPad), MT5 iOS (iPhone/iPad), cTrader Android, cTrader iOS (iPhone/iPad)",mt4-android-mt5-android-mt4-ios-iphoneipad-mt5-ios-iphoneipad-ctrader-android-ctrader-ios-iphoneipad,none,3
133,live_trading_account,"Open a Live Trading Account with Errante (Non-EU clients)",open-a-live-trading-account-with-errante-non-eu-clients,https://myportal.errante.com/ib/links/go/55,1
133,live_trading_account,"Open a Live Trading Account with Errante (EU clients)",open-a-live-trading-account-with-errante-eu-clients,https://myportal.errante.eu/ib/links/go/58,1
134,mobile,"MT4 Android",mt4-android,https://www.forexchief.com/platforms/mt4-android/,3
134,mobile,"MT4 iOS (iPhone/iPad)",mt4-ios-iphoneipad,https://www.forexchief.com/platforms/mt4-ios/,3
134,mobile,"MT5 Android",mt5-android,https://www.forexchief.com/platforms/mt5-android/,3
134,mobile,"MT5 iOS (iPhone/iPad)",mt5-ios-iphoneipad,https://www.forexchief.com/platforms/mt5-ios/,3
134,live_trading_account,"Open a Live Trading Account with ForexChief",open-a-live-trading-account-with-forexchief,https://www.forexchief.com/?a=fc20,1
135,mobile,"MT4/MT5/cTrader Android, MT4/MT5/cTrader iOS (iPhone/iPad)",mt4mt5ctrader-android-mt4mt5ctrader-ios-iphoneipad,none,3
135,live_trading_account,"Open a Live Trading Account with Axiory",open-a-live-trading-account-with-axiory,https://goglb.axiory.com/afs/come.php?id=355&amp;cid=2721&amp;ctgid=1015&amp;atype=1,1
136,mobile,"MT4 Android, MT4 iOS (iPhone/iPad)",mt4-android-mt4-ios-iphoneipad,none,3
136,live_trading_account,"Open a Live Trading Account with Thunder Forex",open-a-live-trading-account-with-thunder-forex,https://www.thunderforex.com/account/live-account/?sidc=885EA218-9825-4FA4-979E-CCB9ED283992,1
139,mobile,"cTrader Android, cTrader iOS (iPhone/iPad)",ctrader-android-ctrader-ios-iphoneipad,none,3
139,live_trading_account,"Open a Live Trading Account with Fondex",open-a-live-trading-account-with-fondex,https://open.ctrader.com/?url=https%3A%2F%2Ffondex.com%3FibTraderId%3D67701&amp;lang=en&amp;ctid=false&amp;ibPlantId=fondex&amp;ibEnvironmentName=live&amp;ibTraderId=67701,1
140,mobile,"eToro Android, eToro iOS (iPhone/iPad)",etoro-android-etoro-ios-iphoneipad,none,3
140,live_trading_account,"Open a Live Trading Account with eToro (for USA clients)",open-a-live-trading-account-with-etoro-for-usa-clients,https://med.etoro.com/B12690_A89480_TClick.aspx,1
140,live_trading_account,"Open a Live Trading Account with eToro",open-a-live-trading-account-with-etoro,https://med.etoro.com/B19149_A88899_TClick_SWW.aspx,1
142,mobile,"MT4 Android, MT4 iOS, MT5 Android, MT5 iOS, cTrader Android, cTrader iOS, TradingView Android, TradingView iOS",mt4-android-mt4-ios-mt5-android-mt5-ios-ctrader-android-ctrader-ios-tradingview-android-tradingview-ios,none,3
142,live_trading_account,"Open a Live Trading Account with Fusion Markets",open-a-live-trading-account-with-fusion-markets,https://fusionmarkets.com/hub/auth/sign-up?refcode=80225,1
143,mobile,"Currency.com Android, Currency.com iOS (iPhone/iPad)",currencycom-android-currencycom-ios-iphoneipad,none,3
143,live_trading_account,"Open a Live Trading Account with Currency.com",open-a-live-trading-account-with-currencycom,https://go.currency.com/visit/?bta=36617&amp;brand=currency,1
144,mobile,"MT5 Android, MT5 iOS",mt5-android-mt5-ios,none,3
144,live_trading_account,"Open a Live Trading Account with MarketsVox",open-a-live-trading-account-with-marketsvox,https://client.marketsvox.com/live_signup?brd=1&amp;sidc=3310645C-7516-4421-AF27-CA041E2D162A,1
144,partner_account,"Open a Partner (IB/ Affiliate) Account with MarketsVox",open-a-partner-ib-affiliate-account-with-marketsvox,https://client.marketsvox.com/live_signup?brd=1&amp;sidi=9ADDC865-A91A-4825-8FB6-D757566BCEB3,1
145,mobile,"MT4 Android, MT5 Android, MT4 iOS (iPhone/iPad), MT5 iOS (iPhone/iPad)",mt4-android-mt5-android-mt4-ios-iphoneipad-mt5-ios-iphoneipad,none,3
145,live_trading_account,"Open a Live Trading Account with M4Markets",open-a-live-trading-account-with-m4markets,https://secure.m4markets.ms/links/go/563,1
146,mobile,"MT5 Android, MT5 iOS (iPhone/iPad)",mt5-android-mt5-ios-iphoneipad,none,3
146,live_trading_account,"Open a Live Trading Account with CLSA Premium",open-a-live-trading-account-with-clsa-premium,https://client.clsapremium.com/CLSA_CRM_client/Account/registration/?YWdlbnQK=MzAxMTYwMDAw,1
147,mobile,"MT4 Android, MT5 Android, MT4 iOS (iPhone/iPad), MT5 iOS (iPhone/iPad)",mt4-android-mt5-android-mt4-ios-iphoneipad-mt5-ios-iphoneipad,https://en.myfxchoice.com/software/mobile-trading/,3
147,live_trading_account,"Open a Live Trading Account with FXChoice",open-a-live-trading-account-with-fxchoice,https://my.myfxchoice.com/registration/?refer=500008,1
148,mobile,"MT4 Android, MT4 iOS (iPhone/iPad), MT5 Andoid, MT5 iOS (iPhone/iPad)",mt4-android-mt4-ios-iphoneipad-mt5-andoid-mt5-ios-iphoneipad,none,3
148,live_trading_account,"Open a Live Trading Account with ACY Securities",open-a-live-trading-account-with-acy-securities,https://www.acy.com/en/open-live-account?affiliate=LTD71586,1
149,mobile,"MT4 Android, MT4 iOS (iPhone/iPad), MT5 Andoid, MT5 iOS (iPhone/iPad), cTrader Android, cTrader iOS (iPhone/iPad",mt4-android-mt4-ios-iphoneipad-mt5-andoid-mt5-ios-iphoneipad-ctrader-android-ctrader-ios-iphoneipad,none,3
149,live_trading_account,"Open a Live Trading Account with CFI Financial",open-a-live-trading-account-with-cfi-financial,https://cfifinancial.com/,1
150,mobile,"Binance Android, Binance iOS (iPhone/iPad)",binance-android-binance-ios-iphoneipad,none,3
150,live_trading_account,"Open a Live Crypto Trading Account with Binance",open-a-live-crypto-trading-account-with-binance,https://accounts.binance.com/en/register?ref=QC1CO27M,1
152,mobile,"MT4 Android, MT4 iOS (iPhone/iPad)",mt4-android-mt4-ios-iphoneipad,none,3
152,live_trading_account,"Open a Live Trading Account with MEX Exchange",open-a-live-trading-account-with-mex-exchange,https://www.mexexchange.com/live-account/?promo=80110,1
153,mobile,"MT4 Android, MT4 iOS (iPhone/iPad), MT5 Andoid, MT5 iOS (iPhone/iPad)",mt4-android-mt4-ios-iphoneipad-mt5-andoid-mt5-ios-iphoneipad,none,3
153,live_trading_account,"Open a Live Trading Account with Squared Financial",open-a-live-trading-account-with-squared-financial,https://portal-sc.squaredfinancial.com/links/go/1019,1
154,mobile,"MT4 Android, MT4 iOS, MT5 Andoid, MT5 iOS, cTrader Android, cTrader iOS, TradingView Android (view mode only), TradingView iOS (view mode only)",mt4-android-mt4-ios-mt5-andoid-mt5-ios-ctrader-android-ctrader-ios-tradingview-android-view-mode-only-tradingview-ios-view-mode-only,none,3
154,live_trading_account,"Open a Live Trading Account with BlackBull Markets",open-a-live-trading-account-with-blackbull-markets,https://blackbull.com/en/live-account/?cmp=5p0z2d3q&amp;refid=3429,1
155,mobile,"MT4 Android, MT4 iOS (iPhone/iPad), MT5 Andoid, MT5 iOS (iPhone/iPad)",mt4-android-mt4-ios-iphoneipad-mt5-andoid-mt5-ios-iphoneipad,none,3
156,mobile,"MT4 Android, MT4 iOS (iPhone/iPad)",mt4-android-mt4-ios-iphoneipad,none,3
156,live_trading_account,"Open a Live Trading Account with Key To Markets",open-a-live-trading-account-with-key-to-markets,https://secure.keytomarkets.com/links/go/2594,1
156,partner_account,"Open a Partner Account with Key To Markets",open-a-partner-account-with-key-to-markets,https://secure.keytomarkets.com/links/go/2594,1
157,mobile,"MT4 Android, MT4 iOS (iPhone/iPad), MT5 Andoid, MT5 iOS (iPhone/iPad)",mt4-android-mt4-ios-iphoneipad-mt5-andoid-mt5-ios-iphoneipad,none,3
157,live_trading_account,"Open a Live Trading Account with FreshForex",open-a-live-trading-account-with-freshforex,https://myfreshforex.com/en/create?aff=445289,1
158,mobile,"MT4 Android, MT4 iOS (iPhone/iPad), MT5 Andoid, MT5 iOS (iPhone/iPad)",mt4-android-mt4-ios-iphoneipad-mt5-andoid-mt5-ios-iphoneipad,none,3
158,live_trading_account,"Open a Live Trading Account with 4XC",open-a-live-trading-account-with-4xc,https://live.4xc.com/signup/pyBXSfW4,1
158,partner_account,"Open a Partner (IB/ Affiliate) Account with 4XC",open-a-partner-ib-affiliate-account-with-4xc,https://live.4xc.com/agent/signup/?hash=pyBXSfW4,1
159,mobile,"MT4 Android, MT4 iOS, cTrader Android, cTrader iOS, Skilling Trader Android, Skilling Trader iOS",mt4-android-mt4-ios-ctrader-android-ctrader-ios-skilling-trader-android-skilling-trader-ios,none,3
159,live_trading_account,"Open a Live Trading Account with Skilling",open-a-live-trading-account-with-skilling,https://skilling.com/?utm_source=bf113c91-1f34-4264-803a-0bf700f1d175&amp;utm_medium=ib,1
159,partner_account,"Open a Partner (IB/ Affiliate) Account with Skilling",open-a-partner-ib-affiliate-account-with-skilling,https://skilling.com/?utm_source=bf113c91-1f34-4264-803a-0bf700f1d175&amp;utm_medium=ib,1
160,mobile,"MT4 Android, ActTrader Android, ActTrader iOS (iPhone/iPad)",mt4-android-acttrader-android-acttrader-ios-iphoneipad,none,3
160,live_trading_account,"Open a Live Trading Account with Fxview",open-a-live-trading-account-with-fxview,https://global.fxview.com/register?refLink=MjM2&amp;refRm=ODM=,1
160,partner_account,"Open a Partner (IB/ Affiliate) Account with Fxview",open-a-partner-ib-affiliate-account-with-fxview,https://partners.fxview.com/register?refLink=MjM2fHw4Mw==,1
161,mobile,"MT4 Android, MT4 iOS, MT5 Android, MT5 iOS, Pu Prime App Android, Pu Prime App iOS",mt4-android-mt4-ios-mt5-android-mt5-ios-pu-prime-app-android-pu-prime-app-ios,none,3
161,live_trading_account,"Open a Standard Live Trading Account with PU Prime",open-a-standard-live-trading-account-with-pu-prime,https://www.puprime.net/forex-trading-account/?affid=82006,1
161,live_trading_account,"Open an Islamic&nbsp;Standard Live Trading Account with PU Prime",open-an-islamicnbspstandard-live-trading-account-with-pu-prime,https://www.puprime.net/forex-trading-account/?affid=82007,1
161,live_trading_account,"Open a&nbsp;Prime Live Trading Account with PU Prime",open-anbspprime-live-trading-account-with-pu-prime,https://www.puprime.net/forex-trading-account/?affid=82297,1
161,live_trading_account,"Open an Islamic&nbsp;Prime Live Trading Account with PU Prime",open-an-islamicnbspprime-live-trading-account-with-pu-prime,https://www.puprime.net/forex-trading-account/?affid=82298,1
161,live_trading_account,"Open a Pro Live Trading Account with PU Prime",open-a-pro-live-trading-account-with-pu-prime,https://www.puprime.net/forex-trading-account/?affid=82007,1
161,live_trading_account,"Open a Cent Live Trading Account with PU Prime",open-a-cent-live-trading-account-with-pu-prime,https://www.puprime.net/forex-trading-account/?affid=82296,1
161,partner_account,"Open a Partner (IB/ Affiliate) Standard Account with PU Prime",open-a-partner-ib-affiliate-standard-account-with-pu-prime,https://www.puprime.net/forex-trading-account/?affid=82006,1
161,partner_account,"Open a Partner (IB/ Affiliate) Standard Islamic Account with PU Prime",open-a-partner-ib-affiliate-standard-islamic-account-with-pu-prime,https://www.puprime.net/forex-trading-account/?affid=82007,1
161,partner_account,"Open a Partner (IB/ Affiliate) Prime Account with PU Prime",open-a-partner-ib-affiliate-prime-account-with-pu-prime,https://www.puprime.net/forex-trading-account/?affid=82297,1
161,partner_account,"Open a Partner (IB/ Affiliate) Islamic Prime Account with PU Prime",open-a-partner-ib-affiliate-islamic-prime-account-with-pu-prime,https://www.puprime.net/forex-trading-account/?affid=82298,1
161,partner_account,"Open a Partner (IB/ Affiliate) Pro Account with PU Prime",open-a-partner-ib-affiliate-pro-account-with-pu-prime,https://www.puprime.net/forex-trading-account/?affid=82007,1
161,partner_account,"Open a Partner (IB/ Affiliate) Cent Account with PU Prime",open-a-partner-ib-affiliate-cent-account-with-pu-prime,https://www.puprime.net/forex-trading-account/?affid=82296,1
162,mobile,"MT4 Android, MT4 iOS (iPhone/iPad), MT5 Andoid, MT5 iOS (iPhone/iPad)",mt4-android-mt4-ios-iphoneipad-mt5-andoid-mt5-ios-iphoneipad,none,3
162,live_trading_account,"Open a Live Trading Account with Equiti Seychelles",open-a-live-trading-account-with-equiti-seychelles,https://portal.equiticlients.com/sc/live-account/?clickid=13800&amp;affid=C01115827,1
162,live_trading_account,"Open a&nbsp;Live Trading Account with Equiti Jordan",open-anbsplive-trading-account-with-equiti-jordan,https://portal.equiticlients.com/live-account/#/step1?clickid=8866&amp;affid=0061681,1
162,partner_account,"Open a Partner (IB/ Affiliate) Account with Equiti Seychelles",open-a-partner-ib-affiliate-account-with-equiti-seychelles,https://www.equiti.com/sc/?clickid=13799&amp;affid=C01115827,1
162,partner_account,"Open a Partner (IB/ Affiliate) Account with Equiti Jordan",open-a-partner-ib-affiliate-account-with-equiti-jordan,https://www.equiti.com/?clickid=8865&amp;affid=0061681,1
163,mobile,"MT4 Android, MT4 iOS, MT5 Andoid, MT5 iOS, cTrader Android, cTrader iOS",mt4-android-mt4-ios-mt5-andoid-mt5-ios-ctrader-android-ctrader-ios,none,3
163,live_trading_account,"Open a Live Standard Trading Account with GTC (MT4)",open-a-live-standard-trading-account-with-gtc-mt4,https://my.gtcfx.com/getview?view=register&amp;token=showwwwweowwwwww,1
163,live_trading_account,"Open a Live Standard Trading Account with GTC (MT5)",open-a-live-standard-trading-account-with-gtc-mt5,https://my.gtcfx.com/getview?view=register&amp;token=showwwwwAowwwwww,1
163,live_trading_account,"Open a Live Standard Trading Account with GTC (cTrader)",open-a-live-standard-trading-account-with-gtc-ctrader,https://sso.gtcfx.com/register?partner=18888,1
163,live_trading_account,"Open a Live ECN Trading Account with GTC (MT4)",open-a-live-ecn-trading-account-with-gtc-mt4,https://my.gtcfx.com/getview?view=register&amp;token=showwwww8owwwwww,1
163,live_trading_account,"Open a Live ECN Trading Account with GTC (MT5)",open-a-live-ecn-trading-account-with-gtc-mt5,https://my.gtcfx.com/getview?view=register&amp;token=showwwwwsowwwwww,1
163,live_trading_account,"Open a Live Cent Trading Account with GTC (MT4)",open-a-live-cent-trading-account-with-gtc-mt4,https://my.gtcfx.com/getview?view=register&amp;token=showwwww2owwwwww,1
163,live_trading_account,"Open a Live Cent Trading Account with GTC (MT5)",open-a-live-cent-trading-account-with-gtc-mt5,https://my.gtcfx.com/getview?view=register&amp;token=showwwwwqowwwwww,1
163,partner_account,"Open a Partner&nbsp;(IB/ Affiliate) Account with GTC (MT4)",open-a-partnernbspib-affiliate-account-with-gtc-mt4,https://my.gtcfx.com/getview?view=register&amp;token=showwwwweowwwwww,1
163,partner_account,"Open a Partner&nbsp;(IB/ Affiliate)&nbsp;Account with GTC (MT5)",open-a-partnernbspib-affiliatenbspaccount-with-gtc-mt5,https://my.gtcfx.com/getview?view=register&amp;token=showwwwwAowwwwww,1
163,partner_account,"Open a Partner&nbsp;(IB/ Affiliate)&nbsp;Account with GTC (cTrader)",open-a-partnernbspib-affiliatenbspaccount-with-gtc-ctrader,https://sso.gtcfx.com/register?partner=18888,1
164,mobile,"MT4 Andoid, MT4 iOS (iPhone/iPad), MT5 Andoid, MT5 iOS (iPhone/iPad)",mt4-andoid-mt4-ios-iphoneipad-mt5-andoid-mt5-ios-iphoneipad,none,3
164,live_trading_account,"Open a Live Individual Trading Account with Intertrader",open-a-live-individual-trading-account-with-intertrader,https://signup.intertrader.com/?wm=9905001,1
164,live_trading_account,"Open a Live Corporate Trading Account with Intertrader",open-a-live-corporate-trading-account-with-intertrader,https://signup.intertrader.com/electronic/corporate-mt4/?wm=9903001,1
164,live_trading_account,"Open a Live Individual Spread Betting Trading Account with Intertrader",open-a-live-individual-spread-betting-trading-account-with-intertrader,https://signup.intertrader.com/?wm=9906001,1
164,live_trading_account,"Open a Live Corporate Spread Betting Trading Account with Intertrader",open-a-live-corporate-spread-betting-trading-account-with-intertrader,https://signup.intertrader.com/electronic/corporate-mt4/?wm=9904001,1
165,mobile,"MT4 Android, MT4 iOS (iPhone/iPad), MT5 Android, MT5 iOS(iPhone/iPad), cTrader Android, cTrader iOS (iPhone/iPad), ICM Securities Android, ICM Securities iOS (iPhone/iPad)",mt4-android-mt4-ios-iphoneipad-mt5-android-mt5-iosiphoneipad-ctrader-android-ctrader-ios-iphoneipad-icm-securities-android-icm-securities-ios-iphoneipad,none,3
165,live_trading_account,"Open a Live Trading Account with ICM",open-a-live-trading-account-with-icm,https://track.icmcapital.mu/?t=E8rbtddCqtC7,1
165,partner_account,"Open a Partner (IB/ Affiliate) Account with ICM",open-a-partner-ib-affiliate-account-with-icm,https://clients.icmcapital.mu/#/ib/signup?t=uechDkMPcHMA,1
166,mobile,"MT4 Android, MT4 iOS, MT5 Andoid, MT5 iOS",mt4-android-mt4-ios-mt5-andoid-mt5-ios,none,3
166,live_trading_account,"Open a Live Individual Professional Trading Account with Ingot Brokers",open-a-live-individual-professional-trading-account-with-ingot-brokers,https://portal.ingotbrokers.com/en/accounts/open-account/individual/eyJncm91cF9pZHMiOls0NzY1XX0=,1
166,live_trading_account,"Open a Live Individual ECN Trading Account with Ingot Brokers",open-a-live-individual-ecn-trading-account-with-ingot-brokers,https://portal.ingotbrokers.com/en/accounts/open-account/individual/eyJncm91cF9pZHMiOls0NzY4XX0=,1
166,live_trading_account,"Open a Live Corporate Professional Trading Account with Ingot Brokers",open-a-live-corporate-professional-trading-account-with-ingot-brokers,https://portal.ingotbrokers.com/en/accounts/open-account/corporate/eyJncm91cF9pZHMiOls0NzY1XX0=,1
166,live_trading_account,"Open a Live Corporate ECN Trading Account with Ingot Brokers",open-a-live-corporate-ecn-trading-account-with-ingot-brokers,https://portal.ingotbrokers.com/en/accounts/open-account/corporate/eyJncm91cF9pZHMiOls0NzY4XX0=,1
166,partner_account,"Open a Partner (IB/ Affiliate) Professional Account with Ingot Brokers",open-a-partner-ib-affiliate-professional-account-with-ingot-brokers,https://portal.ingotbrokers.com/en/accounts/open-account/agent/eyJncm91cF9pZHMiOls0NzY1XX0=,1
166,partner_account,"Open a Partner (IB/ Affiliate) ECN Account with Ingot Brokers",open-a-partner-ib-affiliate-ecn-account-with-ingot-brokers,https://portal.ingotbrokers.com/en/accounts/open-account/agent/eyJncm91cF9pZHMiOls0NzY4XX0=,1
167,mobile,"MT4 Android, MT4 iOS, GMI Edge Android, GMI Edge iOS",mt4-android-mt4-ios-gmi-edge-android-gmi-edge-ios,none,3
167,live_trading_account,"Open a Live Trading Account with GMI Markets",open-a-live-trading-account-with-gmi-markets,https://gmi-ma.biz/account/register?token=NTY0Y2VkNzk2MGY3ZTY2MWQxZjIwYTBjZDQ0ZTI5YWU%3D,1
167,partner_account,"Open a Partner (IB/ Affiliate) Account with GMI Markets",open-a-partner-ib-affiliate-account-with-gmi-markets,https://gmi-ma.biz/account/register?token=NTY0Y2VkNzk2MGY3ZTY2MWQxZjIwYTBjZDQ0ZTI5YWU%3D,1
168,mobile,"MT4 Andoid, MT4 iOS, MT5 Andoid, MT5 iOS, AT Android, AT iOS",mt4-andoid-mt4-ios-mt5-andoid-mt5-ios-at-android-at-ios,none,3
168,live_trading_account,"Open a Live Trading Account with ActivTrades Bahamas",open-a-live-trading-account-with-activtrades-bahamas,https://secure.activtrades.com/?ib=690a16fa6a5c4b14974df1421aa039a2&amp;lang=en,1
168,live_trading_account,"Open a Live Trading Account with ActivTrades United Kingdom",open-a-live-trading-account-with-activtrades-united-kingdom,https://secure.activtrades.com/?ib=224f88db097b453ab08dcd319becb614&amp;lang=en,1
169,mobile,"MT4 Andoid, MT4 iOS, MT5 Andoid, MT5 iOS",mt4-andoid-mt4-ios-mt5-andoid-mt5-ios,none,3
169,live_trading_account,"Open a Live STP Trading Account with STARTRADER",open-a-live-stp-trading-account-with-startrader,https://my.startrader.com/register/index?invitationCode=GXZYUPV3&amp;language=en,1
169,live_trading_account,"Open a Live ECN Trading Account with STARTRADER",open-a-live-ecn-trading-account-with-startrader,https://my.startrader.com/register/index?invitationCode=GXZY7SZY&amp;language=en,1
169,partner_account,"Open a Partner (IB/ Affiliate) STP Account with STARTRADER",open-a-partner-ib-affiliate-stp-account-with-startrader,https://my.startrader.com/register/index?invitationCode=GXZYUPV3&amp;language=en,1
169,partner_account,"Open a Partner (IB/ Affiliate) ECN Account with STARTRADER",open-a-partner-ib-affiliate-ecn-account-with-startrader,https://my.startrader.com/register/index?invitationCode=GXZY7SZY&amp;language=en,1
171,mobile,"MT4 Android, MT4 iOS",mt4-android-mt4-ios,none,3
171,live_trading_account,"Open a Live Trading Account with Trust Capital",open-a-live-trading-account-with-trust-capital,https://bit.ly/40EavLD,1
172,mobile,"MT4 Android, MT4 iOS, MT5 Android, MT5 iOS, VT Markets App Android, VT Markets App iOS",mt4-android-mt4-ios-mt5-android-mt5-ios-vt-markets-app-android-vt-markets-app-ios,none,3
172,live_trading_account,"Open a Live Standard STP Trading Account with VT Markets",open-a-live-standard-stp-trading-account-with-vt-markets,https://www.vtmarkets.com/get-trading/forex-trading-account/?affid=900020,1
172,live_trading_account,"Open a Live&nbsp;RAW ECN Trading Account with VT Markets",open-a-livenbspraw-ecn-trading-account-with-vt-markets,https://www.vtmarkets.com/forex-trading/forex-trading-account/?affid=900623,1
172,live_trading_account,"Open a Live VIP STP Trading Account with VT Markets",open-a-live-vip-stp-trading-account-with-vt-markets,https://www.vtmarkets.com/get-trading/forex-trading-account/?affid=880604,1
172,partner_account,"Open a Partner (IB/ Affiliate) Standard STP Account with VT Markets",open-a-partner-ib-affiliate-standard-stp-account-with-vt-markets,https://www.vtmarkets.com/get-trading/forex-trading-account/?affid=900020,1
172,partner_account,"Open a Partner (IB/ Affiliate) RAW ECN Account with VT Markets",open-a-partner-ib-affiliate-raw-ecn-account-with-vt-markets,https://www.vtmarkets.com/forex-trading/forex-trading-account/?affid=900623,1
172,partner_account,"Open a Partner (IB/ Affiliate) VIP STP Account with VT Markets",open-a-partner-ib-affiliate-vip-stp-account-with-vt-markets,https://www.vtmarkets.com/get-trading/forex-trading-account/?affid=880604,1
174,mobile,"MT4 Android, MT4 iOS, MT5 Android, MT5 iOS",mt4-android-mt4-ios-mt5-android-mt5-ios,none,3
174,live_trading_account,"Open a Live Trading Account with Amana",open-a-live-trading-account-with-amana,https://amana.app/pro/our-entities?sidc=D00ECEB6-C642-4F5B-844F-3F8E5D0B46B6&amp;suid=357B5D45-38AB-46D4-94F5-F972DF3CAAA6&amp;Entity=Malaysia,1
174,partner_account,"Open a Partner (IB/ Affiliate) Account with Amana",open-a-partner-ib-affiliate-account-with-amana,https://amana.app/pro/our-entities?sidc=D00ECEB6-C642-4F5B-844F-3F8E5D0B46B6&amp;suid=357B5D45-38AB-46D4-94F5-F972DF3CAAA6&amp;Entity=Malaysia,1
175,mobile,"MT4 Android, MT4 iOS, QSQ Android, QSQ iOS",mt4-android-mt4-ios-qsq-android-qsq-ios,none,3
175,live_trading_account,"Open a Live Trading Account with QSQ Markets",open-a-live-trading-account-with-qsq-markets,https://cp.qsqmarkets.com/adm.php?Adm=7069,1
175,partner_account,"Open a Partner (IB/ Affiliate) Account with QSQ Markets",open-a-partner-ib-affiliate-account-with-qsq-markets,https://cp.qsqmarkets.com/adm.php?Adm=7069,1
176,mobile,"MT4 Android, MT4 iOS, MT5 Android, MT5 iOS",mt4-android-mt4-ios-mt5-android-mt5-ios,none,3
176,live_trading_account,"Open a Live Trading Account with Exclusive Markets",open-a-live-trading-account-with-exclusive-markets,https://www.exclusivemarkets.com/register?ib=12211204,1
176,partner_account,"Open a Partner (IB/ Affiliate) Account with Exclusive Markets",open-a-partner-ib-affiliate-account-with-exclusive-markets,https://www.exclusivemarkets.com/register?ib=12211204,1
177,mobile,"MT4 Android, MT4 iOS, MT5 Android, MT5 iOS, Doo Prime InTrade Android, Doo Prime InTrade iOS",mt4-android-mt4-ios-mt5-android-mt5-ios-doo-prime-intrade-android-doo-prime-intrade-ios,none,3
177,live_trading_account,"Open a Live Trading Account with Doo&nbsp;Prime",open-a-live-trading-account-with-doonbspprime,https://my.dooprime.com/links/go/11327,1
177,partner_account,"Open a Partner (IB/ Affiliate) Account with Doo Prime",open-a-partner-ib-affiliate-account-with-doo-prime,https://my.dooprime.com/links/go/11327,1
178,mobile,"MT4 Android, MT4 iOS",mt4-android-mt4-ios,none,3
178,live_trading_account,"Open a Live Trading Account with FINVEO",open-a-live-trading-account-with-finveo,https://finveo.com/en/Create-Account?brd=1&amp;sidc=ABE5E890-DA5C-431D-AB64-5152E01628B3,1
178,partner_account,"Open a Partner (IB/ Affiliate) Account with FINVEO",open-a-partner-ib-affiliate-account-with-finveo,https://finveo.com/en/Create-Account?brd=1&amp;sidi=A34CA676-387A-4F0D-938F-FB4AFEDCAC8F,1
179,mobile,"MT4 Android, MT4 iOS, MT5 Android, MT5 iOS",mt4-android-mt4-ios-mt5-android-mt5-ios,none,3
179,live_trading_account,"Open a Live Trading Account with DNA Markets",open-a-live-trading-account-with-dna-markets,https://partners.dnamarkets.com/click?campaign_id=1&amp;ref_id=82,1
179,partner_account,"Open a Partner (IB/ Affiliate) Account with DNA Markets",open-a-partner-ib-affiliate-account-with-dna-markets,https://partners.dnamarkets.com/registration?ref=lkBMF,1
180,mobile,"MT4 Android, MT4 iOS, MT5 Android, MT5 iOS, TradingView Android, TradingView Linux",mt4-android-mt4-ios-mt5-android-mt5-ios-tradingview-android-tradingview-linux,none,3
180,live_trading_account,"Open a Live Trading Account with Eightcap",open-a-live-trading-account-with-eightcap,https://join.eightcap.com/visit/?bta=35603&amp;brand=eightcap,1
180,partner_account,"Open a Partner (IB/ Affiliate) Account with Eightcap",open-a-partner-ib-affiliate-account-with-eightcap,https://join.eightcap.com/visit/?bta=35603&amp;brand=eightcapsubaffiliates,1
